{
  "model_path": "/data0/OSLA/experiments/osla_340M/exp/gated-deltanet-340M-baseline",
  "results": {
    "based_fda": {
      "contains": 0.07356948228882834,
      "n_samples": 1101,
      "n_skipped": 1
    },
    "based_fda_twice": {
      "contains": 0.05086285195277021,
      "n_samples": 1101,
      "n_skipped": 1
    },
    "based_swde": {
      "contains": 0.11996251171508904,
      "n_samples": 1067,
      "n_skipped": 44
    },
    "based_swde_twice": {
      "contains": 0.17525773195876287,
      "n_samples": 1067,
      "n_skipped": 44
    },
    "based_squad": {
      "contains": 0.2788041652670474,
      "n_samples": 2977,
      "n_skipped": 7
    },
    "based_squad_twice": {
      "contains": 0.17836748404433994,
      "n_samples": 2977,
      "n_skipped": 7
    }
  }
}