{
  "model_path": "/data0/OSLA/experiments/osla_340M/exp/os-gated-deltanet-340M",
  "results": {
    "longbench_2wikimqa": {
      "alias": "longbench_2wikimqa",
      "score,none": 0.012475794527110316,
      "score_stderr,none": 0.002995445322218567,
      "qa_f1_score,none": 0.012475794527110316,
      "qa_f1_score_stderr,none": 0.002995445322218567
    },
    "longbench_gov_report": {
      "alias": "longbench_gov_report",
      "score,none": 0.05393517736883563,
      "score_stderr,none": 0.0023176083209369945,
      "rouge_score,none": 0.05393517736883563,
      "rouge_score_stderr,none": 0.0023176083209369945
    },
    "longbench_hotpotqa": {
      "alias": "longbench_hotpotqa",
      "score,none": 0.00674694363558461,
      "score_stderr,none": 0.0019715161690746033,
      "qa_f1_score,none": 0.00674694363558461,
      "qa_f1_score_stderr,none": 0.0019715161690746033
    },
    "longbench_multi_news": {
      "alias": "longbench_multi_news",
      "score,none": 0.04849026318933502,
      "score_stderr,none": 0.0024444228375631147,
      "rouge_score,none": 0.04849026318933502,
      "rouge_score_stderr,none": 0.0024444228375631147
    },
    "longbench_multifieldqa_en": {
      "alias": "longbench_multifieldqa_en",
      "score,none": 0.02154216288090886,
      "score_stderr,none": 0.003552018353105131,
      "qa_f1_score,none": 0.02154216288090886,
      "qa_f1_score_stderr,none": 0.003552018353105131
    },
    "longbench_musique": {
      "alias": "longbench_musique",
      "score,none": 0.010289597759642197,
      "score_stderr,none": 0.00249279256601891,
      "qa_f1_score,none": 0.010289597759642197,
      "qa_f1_score_stderr,none": 0.00249279256601891
    },
    "longbench_narrativeqa": {
      "alias": "longbench_narrativeqa",
      "score,none": 0.004475714028379096,
      "score_stderr,none": 0.0008574937519704985,
      "qa_f1_score,none": 0.004475714028379096,
      "qa_f1_score_stderr,none": 0.0008574937519704985
    },
    "longbench_passage_count": {
      "alias": "longbench_passage_count",
      "score,none": 0.0,
      "score_stderr,none": 0.0,
      "count_score,none": 0.0,
      "count_score_stderr,none": 0.0
    },
    "longbench_passage_retrieval_en": {
      "alias": "longbench_passage_retrieval_en",
      "score,none": 0.01,
      "score_stderr,none": 0.007053278933842963,
      "retrieval_score,none": 0.01,
      "retrieval_score_stderr,none": 0.007053278933842963
    },
    "longbench_qasper": {
      "alias": "longbench_qasper",
      "score,none": 0.010698983376686793,
      "score_stderr,none": 0.0013173255148403278,
      "qa_f1_score,none": 0.010698983376686793,
      "qa_f1_score_stderr,none": 0.0013173255148403278
    },
    "longbench_qmsum": {
      "alias": "longbench_qmsum",
      "score,none": 0.07318004197019717,
      "score_stderr,none": 0.0034224153267534856,
      "rouge_score,none": 0.07318004197019717,
      "rouge_score_stderr,none": 0.0034224153267534856
    },
    "longbench_samsum": {
      "alias": "longbench_samsum",
      "score,none": 0.007137422374445902,
      "score_stderr,none": 0.0020491571176465355,
      "rouge_score,none": 0.007137422374445902,
      "rouge_score_stderr,none": 0.0020491571176465355
    },
    "longbench_trec": {
      "alias": "longbench_trec",
      "score,none": 0.0,
      "score_stderr,none": 0.0,
      "classification_score,none": 0.0,
      "classification_score_stderr,none": 0.0
    },
    "longbench_triviaqa": {
      "alias": "longbench_triviaqa",
      "score,none": 0.050885063410604454,
      "score_stderr,none": 0.008265455196964354,
      "qa_f1_score,none": 0.050885063410604454,
      "qa_f1_score_stderr,none": 0.008265455196964354
    }
  },
  "config": {
    "model": "/data0/OSLA/experiments/osla_340M/exp/os-gated-deltanet-340M",
    "model_args": "None",
    "model_num_parameters": "379904252",
    "model_dtype": "torch.bfloat16",
    "model_revision": "main",
    "model_sha": "",
    "batch_size": "16",
    "batch_sizes": "[]",
    "device": "None",
    "use_cache": "None",
    "limit": "None",
    "bootstrap_iters": "100000",
    "gen_kwargs": "None",
    "random_seed": "0",
    "numpy_seed": "1234",
    "torch_seed": "1234",
    "fewshot_seed": "1234"
  }
}