{
  "model_path": "/data0/OSLA/experiments/osla_340M/exp/gated-deltanet-340M-baseline-v2",
  "results": {
    "longbench_2wikimqa": {
      "alias": "longbench_2wikimqa",
      "score,none": 0.07583985873997406,
      "score_stderr,none": 0.008504164018693928,
      "qa_f1_score,none": 0.07583985873997406,
      "qa_f1_score_stderr,none": 0.008504164018693928
    },
    "longbench_gov_report": {
      "alias": "longbench_gov_report",
      "score,none": 0.0707828926182238,
      "score_stderr,none": 0.002506117541394474,
      "rouge_score,none": 0.0707828926182238,
      "rouge_score_stderr,none": 0.002506117541394474
    },
    "longbench_hotpotqa": {
      "alias": "longbench_hotpotqa",
      "score,none": 0.03780508253904403,
      "score_stderr,none": 0.005732218385600073,
      "qa_f1_score,none": 0.03780508253904403,
      "qa_f1_score_stderr,none": 0.005732218385600073
    },
    "longbench_multi_news": {
      "alias": "longbench_multi_news",
      "score,none": 0.09455142421096112,
      "score_stderr,none": 0.0036404500420778615,
      "rouge_score,none": 0.09455142421096112,
      "rouge_score_stderr,none": 0.0036404500420778615
    },
    "longbench_multifieldqa_en": {
      "alias": "longbench_multifieldqa_en",
      "score,none": 0.12138597022272869,
      "score_stderr,none": 0.010262987977382851,
      "qa_f1_score,none": 0.12138597022272869,
      "qa_f1_score_stderr,none": 0.010262987977382851
    },
    "longbench_musique": {
      "alias": "longbench_musique",
      "score,none": 0.024316551501262863,
      "score_stderr,none": 0.003811435935360066,
      "qa_f1_score,none": 0.024316551501262863,
      "qa_f1_score_stderr,none": 0.003811435935360066
    },
    "longbench_narrativeqa": {
      "alias": "longbench_narrativeqa",
      "score,none": 0.01630287627160819,
      "score_stderr,none": 0.0017185292373814226,
      "qa_f1_score,none": 0.01630287627160819,
      "qa_f1_score_stderr,none": 0.0017185292373814226
    },
    "longbench_passage_count": {
      "alias": "longbench_passage_count",
      "score,none": 0.00425,
      "score_stderr,none": 0.0017283295737728628,
      "count_score,none": 0.00425,
      "count_score_stderr,none": 0.0017283295737728628
    },
    "longbench_passage_retrieval_en": {
      "alias": "longbench_passage_retrieval_en",
      "score,none": 0.02,
      "score_stderr,none": 0.006945588962078785,
      "retrieval_score,none": 0.02,
      "retrieval_score_stderr,none": 0.006945588962078785
    },
    "longbench_qasper": {
      "alias": "longbench_qasper",
      "score,none": 0.03463487191540586,
      "score_stderr,none": 0.0032647608764678968,
      "qa_f1_score,none": 0.03463487191540586,
      "qa_f1_score_stderr,none": 0.0032647608764678968
    },
    "longbench_qmsum": {
      "alias": "longbench_qmsum",
      "score,none": 0.149954470698262,
      "score_stderr,none": 0.005326299129197891,
      "rouge_score,none": 0.149954470698262,
      "rouge_score_stderr,none": 0.005326299129197891
    },
    "longbench_samsum": {
      "alias": "longbench_samsum",
      "score,none": 0.07854235366807794,
      "score_stderr,none": 0.0076769341770168515,
      "rouge_score,none": 0.07854235366807794,
      "rouge_score_stderr,none": 0.0076769341770168515
    },
    "longbench_trec": {
      "alias": "longbench_trec",
      "score,none": 0.135,
      "score_stderr,none": 0.024224141785131024,
      "classification_score,none": 0.135,
      "classification_score_stderr,none": 0.024224141785131024
    },
    "longbench_triviaqa": {
      "alias": "longbench_triviaqa",
      "score,none": 0.15534414452251308,
      "score_stderr,none": 0.01611003665555626,
      "qa_f1_score,none": 0.15534414452251308,
      "qa_f1_score_stderr,none": 0.01611003665555626
    }
  },
  "config": {
    "model": "/data0/OSLA/experiments/osla_340M/exp/gated-deltanet-340M-baseline-v2",
    "model_args": "None",
    "model_num_parameters": "379888124",
    "model_dtype": "torch.bfloat16",
    "model_revision": "main",
    "model_sha": "",
    "batch_size": "16",
    "batch_sizes": "[]",
    "device": "None",
    "use_cache": "None",
    "limit": "None",
    "bootstrap_iters": "100000",
    "gen_kwargs": "None",
    "random_seed": "0",
    "numpy_seed": "1234",
    "torch_seed": "1234",
    "fewshot_seed": "1234"
  }
}