{
  "model_path": "/data0/OSLA/experiments/osla_340M/exp/deltanet-340M-osla-osgm-chunk-run2",
  "results": {
    "based_fda": {
      "contains": 0.07720254314259764,
      "n_samples": 1101,
      "n_skipped": 1
    },
    "based_fda_twice": {
      "contains": 0.043596730245231606,
      "n_samples": 1101,
      "n_skipped": 1
    },
    "based_swde": {
      "contains": 0.14807872539831302,
      "n_samples": 1067,
      "n_skipped": 44
    },
    "based_swde_twice": {
      "contains": 0.21649484536082475,
      "n_samples": 1067,
      "n_skipped": 44
    },
    "based_squad": {
      "contains": 0.2908968760497145,
      "n_samples": 2977,
      "n_skipped": 7
    },
    "based_squad_twice": {
      "contains": 0.3832717500839772,
      "n_samples": 2977,
      "n_skipped": 7
    }
  }
}