{
  "perplexity": 21.505866023168362,
  "block_perplexities": [
    25.27111087707623,
    20.874922130476612,
    20.276041442993744,
    20.693475441393968
  ],
  "total_tokens": 3170615296,
  "total_sentences": 1548152
}