{
  "model_path": "/data0/OSLA/experiments/osla_340M/exp/kda-340M-baseline",
  "results": {
    "based_fda": {
      "contains": 0.08810172570390554,
      "n_samples": 1101,
      "n_skipped": 1
    },
    "based_fda_twice": {
      "contains": 0.04087193460490463,
      "n_samples": 1101,
      "n_skipped": 1
    },
    "based_swde": {
      "contains": 0.15182755388940955,
      "n_samples": 1067,
      "n_skipped": 44
    },
    "based_swde_twice": {
      "contains": 0.22399250234301782,
      "n_samples": 1067,
      "n_skipped": 44
    },
    "based_squad": {
      "contains": 0.3207927443735304,
      "n_samples": 2977,
      "n_skipped": 7
    },
    "based_squad_twice": {
      "contains": 0.18374202216996977,
      "n_samples": 2977,
      "n_skipped": 7
    }
  }
}