{
  "model_path": "/data0/OSLA/experiments/osla_340M/exp/os-gated-deltanet-340M-dd-decay",
  "results": {
    "longbench_2wikimqa": {
      "alias": "longbench_2wikimqa",
      "score,none": 0.00600944539717423,
      "score_stderr,none": 0.0019007435472845869,
      "qa_f1_score,none": 0.00600944539717423,
      "qa_f1_score_stderr,none": 0.0019007435472845869
    },
    "longbench_gov_report": {
      "alias": "longbench_gov_report",
      "score,none": 0.04877893248505296,
      "score_stderr,none": 0.0017275745311898325,
      "rouge_score,none": 0.04877893248505296,
      "rouge_score_stderr,none": 0.0017275745311898325
    },
    "longbench_hotpotqa": {
      "alias": "longbench_hotpotqa",
      "score,none": 0.0065297321022353486,
      "score_stderr,none": 0.0018009658593482868,
      "qa_f1_score,none": 0.0065297321022353486,
      "qa_f1_score_stderr,none": 0.0018009658593482868
    },
    "longbench_multi_news": {
      "alias": "longbench_multi_news",
      "score,none": 0.058082231493392006,
      "score_stderr,none": 0.002431893641686092,
      "rouge_score,none": 0.058082231493392006,
      "rouge_score_stderr,none": 0.002431893641686092
    },
    "longbench_multifieldqa_en": {
      "alias": "longbench_multifieldqa_en",
      "score,none": 0.03240891517234492,
      "score_stderr,none": 0.004710736296610547,
      "qa_f1_score,none": 0.03240891517234492,
      "qa_f1_score_stderr,none": 0.004710736296610547
    },
    "longbench_musique": {
      "alias": "longbench_musique",
      "score,none": 0.006093637548174753,
      "score_stderr,none": 0.00188929840902945,
      "qa_f1_score,none": 0.006093637548174753,
      "qa_f1_score_stderr,none": 0.00188929840902945
    },
    "longbench_narrativeqa": {
      "alias": "longbench_narrativeqa",
      "score,none": 0.0065019686141204605,
      "score_stderr,none": 0.0016467673879574192,
      "qa_f1_score,none": 0.0065019686141204605,
      "qa_f1_score_stderr,none": 0.0016467673879574192
    },
    "longbench_passage_count": {
      "alias": "longbench_passage_count",
      "score,none": 0.000625,
      "score_stderr,none": 0.0006250000000000011,
      "count_score,none": 0.000625,
      "count_score_stderr,none": 0.0006250000000000011
    },
    "longbench_passage_retrieval_en": {
      "alias": "longbench_passage_retrieval_en",
      "score,none": 0.03,
      "score_stderr,none": 0.012092607484694694,
      "retrieval_score,none": 0.03,
      "retrieval_score_stderr,none": 0.012092607484694694
    },
    "longbench_qasper": {
      "alias": "longbench_qasper",
      "score,none": 0.013664311238806428,
      "score_stderr,none": 0.0018872487862008906,
      "qa_f1_score,none": 0.013664311238806428,
      "qa_f1_score_stderr,none": 0.0018872487862008906
    },
    "longbench_qmsum": {
      "alias": "longbench_qmsum",
      "score,none": 0.07503561058079232,
      "score_stderr,none": 0.0036378713412207097,
      "rouge_score,none": 0.07503561058079232,
      "rouge_score_stderr,none": 0.0036378713412207097
    },
    "longbench_samsum": {
      "alias": "longbench_samsum",
      "score,none": 0.017973886159239637,
      "score_stderr,none": 0.0032621916703022115,
      "rouge_score,none": 0.017973886159239637,
      "rouge_score_stderr,none": 0.0032621916703022115
    },
    "longbench_trec": {
      "alias": "longbench_trec",
      "score,none": 0.015,
      "score_stderr,none": 0.008616625276509289,
      "classification_score,none": 0.015,
      "classification_score_stderr,none": 0.008616625276509289
    },
    "longbench_triviaqa": {
      "alias": "longbench_triviaqa",
      "score,none": 0.060174759255488076,
      "score_stderr,none": 0.007886038331872788,
      "qa_f1_score,none": 0.060174759255488076,
      "qa_f1_score_stderr,none": 0.007886038331872788
    }
  },
  "config": {
    "model": "/data0/OSLA/experiments/osla_340M/exp/os-gated-deltanet-340M-dd-decay",
    "model_args": "None",
    "model_num_parameters": "380033402",
    "model_dtype": "torch.bfloat16",
    "model_revision": "main",
    "model_sha": "",
    "batch_size": "16",
    "batch_sizes": "[]",
    "device": "None",
    "use_cache": "None",
    "limit": "None",
    "bootstrap_iters": "100000",
    "gen_kwargs": "None",
    "random_seed": "0",
    "numpy_seed": "1234",
    "torch_seed": "1234",
    "fewshot_seed": "1234"
  }
}