{
  "model_path": "/data0/OSLA/experiments/osla_340M/exp/os-gated-deltanet-340M-dd-decay",
  "results": {
    "based_fda": {
      "contains": 0.009082652134423252,
      "n_samples": 1101,
      "n_skipped": 1
    },
    "based_fda_twice": {
      "contains": 0.010899182561307902,
      "n_samples": 1101,
      "n_skipped": 1
    },
    "based_swde": {
      "contains": 0.022492970946579195,
      "n_samples": 1067,
      "n_skipped": 44
    },
    "based_swde_twice": {
      "contains": 0.014058106841611996,
      "n_samples": 1067,
      "n_skipped": 44
    },
    "based_squad": {
      "contains": 0.0762512596573732,
      "n_samples": 2977,
      "n_skipped": 7
    },
    "based_squad_twice": {
      "contains": 0.0950621430970776,
      "n_samples": 2977,
      "n_skipped": 7
    }
  }
}